Workbook

Sheet Fact_Crime_Type_Frequency
A1: FACT_CRIME_TYPE_ID | B1: CRIME_COUNT | C1: REPORTED_CRIME_ID_ORIGINAL | D1: IS_CLOSED_FLAG | E1: IS_ESCALATED_FLAG | F1: FK_TIME_ID | G1: FK_LOCATION_ID | H1: FK_STATUS_ID | I1: FK_CRIME_TYPE_ID
A2: 225 | B2: 1 | C2: 1 | D2: 0 | E2: 0 | F2: 147 | G2: 67 | H2: 26 | I2: 0
A3: 226 | B3: 1 | C3: 2 | D3: 0 | E3: 0 | F3: 126 | G3: 67 | H3: 24 | I3: 0
A4: 227 | B4: 1 | C4: 3 | D4: 0 | E4: 0 | F4: 146 | G4: 70 | H4: 24 | I4: 0
A5: 228 | B5: 1 | C5: 4 | D5: 0 | E5: 0 | F5: 128 | G5: 38 | H5: 26 | I5: 0
A6: 229 | B6: 1 | C6: 5 | D6: 0 | E6: 0 | F6: 129 | G6: 67 | H6: 24 | I6: 0
A7: 230 | B7: 1 | C7: 6 | D7: 0 | E7: 0 | F7: 133 | G7: 70 | H7: 26 | I7: 0
A8: 231 | B8: 1 | C8: 11 | D8: 0 | E8: 0 | F8: 128 | G8: 38 | H8: 26 | I8: 0
A9: 232 | B9: 1 | C9: 21 | D9: 1 | E9: 0 | F9: 130 | G9: 72 | H9: 26 | I9: 29
A10: 233 | B10: 1 | C10: 31 | D10: 0 | E10: 0 | F10: 130 | G10: 72 | H10: 24 | I10: 29
A11: 234 | B11: 1 | C11: 41 | D11: 0 | E11: 0 | F11: 130 | G11: 72 | H11: 24 | I11: 34
A12: 235 | B12: 1 | C12: 51 | D12: 0 | E12: 0 | F12: 130 | G12: 72 | H12: 24 | I12: 35
A13: 236 | B13: 1 | C13: 61 | D13: 1 | E13: 0 | F13: 130 | G13: 72 | H13: 26 | I13: 36
... A95: 444 | B95: 1 | C95: 10 | D95: 0 | E95: 0 | F95: 146 | G95: 70 | H95: 24 | I95: 0

Sheet Dim_Time
A1: \ | B1: FULL_DATE | C1: DAY | D1: MONTH | E1: YEAR
A2: 77 | B2: 42333 | C2: 25 | D2: November | E2: 2015
A3: 78 | B3: 42515 | C3: 25 | D3: May | E3: 2016
A4: 79 | B4: 43064 | C4: 25 | D4: November | E4: 2017
A5: 80 | B5: 42638 | C5: 25 | D5: September | E5: 2016
A6: 121 | B6: 42029 | C6: 25 | D6: January | E6: 2015
A7: 122 | B7: 42363 | C7: 25 | D7: December | E7: 2015
A8: 123 | B8: 42972 | C8: 25 | D8: August | E8: 2017
A9: 124 | B9: 42425 | C9: 25 | D9: February | E9: 2016
A10: 125 | B10: 42060 | C10: 25 | D10: February | E10: 2015
A11: 126 | B11: 42046 | C11: 11 | D11: February | E11: 2015
A12: 127 | B12: 42302 | C12: 25 | D12: October | E12: 2015
A13: 128 | B13: 43037 | C13: 29 | D13: October | E13: 2017
... A38: 0 | B38: 46026 | C38: 4 | D38: January | E38: 2026

Sheet Crime Severity Risk Index
B3: Column Labels
B4: 2015 | D4: 2016 | F4: 2017 | H4: 2019 | J4: Total Sum of Risk_Index | K4: Total Sum of CRIME_COUNT
A5: Row Labels | B5: Sum of Risk_Index | C5: Sum of CRIME_COUNT | D5: Sum of Risk_Index | E5: Sum of CRIME_COUNT | F5: Sum of Risk_Index | G5: Sum of CRIME_COUNT | H5: Sum of Risk_Index | I5: Sum of CRIME_COUNT
A6: East Wales | F6: 2 | G6: 2 | J6: 2 | K6: 2
A7: Mid Wales | D7: 2 | E7: 2 | H7: 4 | I7: 4 | J7: 6 | K7: 6
A8: North West, Wales | B8: 4 | C8: 4 | H8: 2 | I8: 2 | J8: 6 | K8: 6
A9: West Yorkshire | B9: 15 | C9: 23 | D9: 19 | E9: 29 | F9: 18 | G9: 28 | J9: 52 | K9: 80
A10: Grand Total | B10: 19 | C10: 27 | D10: 21 | E10: 31 | F10: 20 | G10: 30 | H10: 6 | I10: 6 | J10: 66 | K10: 94

Sheet Crime Growth and Resolution
B3: Column Labels
B4: 2015 | D4: 2016 | F4: 2017 | H4: 2019 | J4: Total Sum of CRIME_COUNT | K4: Total Sum of Resolution
A5: Row Labels | B5: Sum of CRIME_COUNT | C5: Sum of Resolution | D5: Sum of CRIME_COUNT | E5: Sum of Resolution | F5: Sum of CRIME_COUNT | G5: Sum of Resolution | H5: Sum of CRIME_COUNT | I5: Sum of Resolution
A6: East Wales | F6: 2 | G6: 0 | J6: 2 | K6: 0
A7: Mid Wales | D7: 2 | E7: 2 | H7: 4 | I7: 0 | J7: 6 | K7: 2
A8: North West, Wales | B8: 4 | C8: 2 | H8: 2 | I8: 2 | J8: 6 | K8: 4
A9: West Yorkshire | B9: 23 | C9: 15 | D9: 29 | E9: 19 | F9: 28 | G9: 18 | J9: 80 | K9: 52
A10: Grand Total | B10: 27 | C10: 17 | D10: 31 | E10: 21 | F10: 30 | G10: 18 | H10: 6 | I10: 2 | J10: 94 | K10: 58
A15: Area | B15: Year | C15: Crimes Reported | D15: Unresolved | E15: Resolution% | F15: CrimeGrowth%
A16: West Yorkshire | B16: 2015 | C16: =GETPIVOTDATA("[Measures].[Sum of CRIME_COUNT 3]",$A$3,"[Range 1].[Area_Name]","[Range 1].[Area_Name].&[West Yorkshire]","[Range 1].[Year]","[Range 1].[Year].&[2015]") -> 23 | D16: =GETPIVOTDATA("[Measures].[Sum of Resolution]",$A$3,"[Range 1].[Area_Name]","[Range 1].[Area_Name].&[West Yorkshire]","[Range 1].[Year]","[Range 1].[Year].&[2015]") -> 15 | E16: =(C16-D16)/C16 -> 0.34782609 | F16: 0
A17: West Yorkshire | B17: 2016 | C17: =GETPIVOTDATA("[Measures].[Sum of CRIME_COUNT 3]",$A$3,"[Range 1].[Area_Name]","[Range 1].[Area_Name].&[West Yorkshire]","[Range 1].[Year]","[Range 1].[Year].&[2016]") -> 29 | D17: =GETPIVOTDATA("[Measures].[Sum of Resolution]",$A$3,"[Range 1].[Area_Name]","[Range 1].[Area_Name].&[West Yorkshire]","[Range 1].[Year]","[Range 1].[Year].&[2016]") -> 19 | E17: =(C17-D17)/C17 -> 0.34482759 | F17: =(C17-C16)/C16 -> 0.26086957
A18: West Yorkshire | B18: 2017 | C18: =GETPIVOTDATA("[Measures].[Sum of CRIME_COUNT 3]",$A$3,"[Range 1].[Area_Name]","[Range 1].[Area_Name].&[West Yorkshire]","[Range 1].[Year]","[Range 1].[Year].&[2017]") -> 28 | D18: =GETPIVOTDATA("[Measures].[Sum of Resolution]",$A$3,"[Range 1].[Area_Name]","[Range 1].[Area_Name].&[West Yorkshire]","[Range 1].[Year]","[Range 1].[Year].&[2017]") -> 18 | E18: =(C18-D18)/C18 -> 0.35714286 | F18: =(C18-C17)/C17 -> -0.034482759
A19: North West, Wales | B19: 2015 | C19: =GETPIVOTDATA("[Measures].[Sum of CRIME_COUNT 3]",$A$3,"[Range 1].[Area_Name]","[Range 1].[Area_Name].&[North West, Wales]","[Range 1].[Year]","[Range 1].[Year].&[2015]") -> 4 | D19: =GETPIVOTDATA("[Measures].[Sum of Resolution]",$A$3,"[Range 1].[Area_Name]","[Range 1].[Area_Name].&[North West, Wales]","[Range 1].[Year]","[Range 1].[Year].&[2015]") -> 2 | E19: =(C19-D19)/C19 -> 0.5 | F19: =(C19-C18)/C18 -> -0.85714286
A20: North West, Wales | B20: 2019 | C20: =GETPIVOTDATA("[Measures].[Sum of CRIME_COUNT 3]",$A$3,"[Range 1].[Area_Name]","[Range 1].[Area_Name].&[North West, Wales]","[Range 1].[Year]","[Range 1].[Year].&[2019]") -> 2 | D20: =GETPIVOTDATA("[Measures].[Sum of Resolution]",$A$3,"[Range 1].[Area_Name]","[Range 1].[Area_Name].&[North West, Wales]","[Range 1].[Year]","[Range 1].[Year].&[2019]") -> 2 | E20: =(C20-D20)/C20 -> 0 | F20: =(C20-C19)/C19 -> -0.5
A21: Mid Wales | B21: 2016 | C21: =GETPIVOTDATA("[Measures].[Sum of CRIME_COUNT 3]",$A$3,"[Range 1].[Area_Name]","[Range 1].[Area_Name].&[Mid Wales]","[Range 1].[Year]","[Range 1].[Year].&[2016]") -> 2 | D21: =GETPIVOTDATA("[Measures].[Sum of Resolution]",$A$3,"[Range 1].[Area_Name]","[Range 1].[Area_Name].&[Mid Wales]","[Range 1].[Year]","[Range 1].[Year].&[2016]") -> 2 | E21: =(C21-D21)/C21 -> 0 | F21: =(C21-C20)/C20 -> 0
A22: Mid Wales | B22: 2019 | C22: =GETPIVOTDATA("[Measures].[Sum of CRIME_COUNT 3]",$A$3,"[Range 1].[Area_Name]","[Range 1].[Area_Name].&[Mid Wales]","[Range 1].[Year]","[Range 1].[Year].&[2019]") -> 4 | D22: =GETPIVOTDATA("[Measures].[Sum of Resolution]",$A$3,"[Range 1].[Area_Name]","[Range 1].[Area_Name].&[Mid Wales]","[Range 1].[Year]","[Range 1].[Year].&[2019]") -> 0 | E22: =(C22-D22)/C22 -> 1 | F22: =(C22-C21)/C21 -> 1
A23: East Wales | B23: 2017 | C23: =GETPIVOTDATA("[Measures].[Sum of CRIME_COUNT 3]",$A$3,"[Range 1].[Area_Name]","[Range 1].[Area_Name].&[East Wales]","[Range 1].[Year]","[Range 1].[Year].&[2017]") -> 2 | D23: =GETPIVOTDATA("[Measures].[Sum of Resolution]",$A$3,"[Range 1].[Area_Name]","[Range 1].[Area_Name].&[East Wales]","[Range 1].[Year]","[Range 1].[Year].&[2017]") -> 0 | E23: =(C23-D23)/C23 -> 1 | F23: =(C23-C22)/C22 -> -0.5

Sheet Dashboard

Sheet Monthly Crime Type Trend
A3: Sum of CRIME_COUNT | B3: Column Labels
A4: Row Labels | B4: Car Theft | C4: Drugs Offence | D4: Drunk And Disorder | E4: Forgery | F4: Robbery | G4: UNKNOWN | H4: Violent Crime | I4: Grand Total
A5: January | B5: 1 | C5: 3 | D5: 3 | F5: 3 | G5: 2 | H5: 3 | I5: 15
A6: February | E6: 1 | G6: 4 | H6: 2 | I6: 7
A7: March | B7: 2 | E7: 2 | I7: 4
A8: April | B8: 1 | C8: 3 | D8: 3 | F8: 3 | H8: 3 | I8: 13
A9: May | E9: 1 | G9: 2 | H9: 2 | I9: 5
A10: July | G10: 2 | I10: 2
A11: August | D11: 2 | E11: 2 | F11: 2 | H11: 4 | I11: 10
A12: September | C12: 1 | D12: 3 | E12: 2 | F12: 3 | G12: 2 | H12: 4 | I12: 15
A13: October | E13: 1 | G13: 2 | H13: 2 | I13: 5
A14: November | B14: 2 | C14: 3 | D14: 3 | E14: 1 | F14: 3 | H14: 3 | I14: 15
A15: December | E15: 1 | H15: 2 | I15: 3
A16: Grand Total | B16: 6 | C16: 10 | D16: 14 | E16: 11 | F16: 14 | G16: 14 | H16: 25 | I16: 94

Sheet Station_Workload
A3: Row Labels | B3: Sum of CRIME_COUNT | C3: Sum of Resolution | D3: StressScore
A4: Ashroad | B4: 6 | C4: 4 | D4: =GETPIVOTDATA("[Measures].[Sum of Resolution 2]",$A$3,"[Range 3].[Station]","[Range 3].[Station].&[Ashroad]")/GETPIVOTDATA("[Measures].[Sum of CRIME_COUNT 5]",$A$3,"[Range 3].[Station]","[Range 3].[Station].&[Ashroad]") -> 0.66666667
A5: Lawnswood | B5: 12 | C5: 12 | D5: =GETPIVOTDATA("[Measures].[Sum of Resolution 2]",$A$3,"[Range 3].[Station]","[Range 3].[Station].&[Lawnswood]")/GETPIVOTDATA("[Measures].[Sum of CRIME_COUNT 5]",$A$3,"[Range 3].[Station]","[Range 3].[Station].&[Lawnswood]") -> 1
A6: Meanwood | B6: 68 | C6: 40 | D6: =GETPIVOTDATA("[Measures].[Sum of Resolution 2]",$A$3,"[Range 3].[Station]","[Range 3].[Station].&[Meanwood]")/GETPIVOTDATA("[Measures].[Sum of CRIME_COUNT 5]",$A$3,"[Range 3].[Station]","[Range 3].[Station].&[Meanwood]") -> 0.58823529
A7: Street1 | B7: 4 | C7: 2 | D7: =GETPIVOTDATA("[Measures].[Sum of Resolution 2]",$A$3,"[Range 3].[Station]","[Range 3].[Station].&[Street1]")/GETPIVOTDATA("[Measures].[Sum of CRIME_COUNT 5]",$A$3,"[Range 3].[Station]","[Range 3].[Station].&[Street1]") -> 0.5
A8: Street3 | B8: 2 | C8: 0 | D8: =GETPIVOTDATA("[Measures].[Sum of Resolution 2]",$A$3,"[Range 3].[Station]","[Range 3].[Station].&[Street3]")/GETPIVOTDATA("[Measures].[Sum of CRIME_COUNT 5]",$A$3,"[Range 3].[Station]","[Range 3].[Station].&[Street3]") -> 0
A9: Street5 | B9: 2 | C9: 0 | D9: =GETPIVOTDATA("[Measures].[Sum of Resolution 2]",$A$3,"[Range 3].[Station]","[Range 3].[Station].&[Street5]")/GETPIVOTDATA("[Measures].[Sum of CRIME_COUNT 5]",$A$3,"[Range 3].[Station]","[Range 3].[Station].&[Street5]") -> 0
A10: Grand Total | B10: 94 | C10: 58 | D10: =GETPIVOTDATA("[Measures].[Sum of Resolution 2]",$A$3)/GETPIVOTDATA("[Measures].[Sum of CRIME_COUNT 5]",$A$3) -> 0.61702128
B15: Station | C15: TotalCrime | D15: UnsolvedCrime | E15: StressScore
B16: Ashroad | C16: 6 | D16: 4 | E16: =GETPIVOTDATA("[Measures].[Sum of Resolution 2]",$A$3,"[Range 3].[Station]","[Range 3].[Station].&[Ashroad]")/GETPIVOTDATA("[Measures].[Sum of CRIME_COUNT 5]",$A$3,"[Range 3].[Station]","[Range 3].[Station].&[Ashroad]") -> 0.66666667
B17: Lawnswood | C17: 12 | D17: 12 | E17: =GETPIVOTDATA("[Measures].[Sum of Resolution 2]",$A$3,"[Range 3].[Station]","[Range 3].[Station].&[Lawnswood]")/GETPIVOTDATA("[Measures].[Sum of CRIME_COUNT 5]",$A$3,"[Range 3].[Station]","[Range 3].[Station].&[Lawnswood]") -> 1
B18: Meanwood | C18: 68 | D18: 40 | E18: =GETPIVOTDATA("[Measures].[Sum of Resolution 2]",$A$3,"[Range 3].[Station]","[Range 3].[Station].&[Meanwood]")/GETPIVOTDATA("[Measures].[Sum of CRIME_COUNT 5]",$A$3,"[Range 3].[Station]","[Range 3].[Station].&[Meanwood]") -> 0.58823529
B19: Street1 | C19: 4 | D19: 2 | E19: =GETPIVOTDATA("[Measures].[Sum of Resolution 2]",$A$3,"[Range 3].[Station]","[Range 3].[Station].&[Street1]")/GETPIVOTDATA("[Measures].[Sum of CRIME_COUNT 5]",$A$3,"[Range 3].[Station]","[Range 3].[Station].&[Street1]") -> 0.5
B20: Street3 | C20: 2 | D20: 0 | E20: =GETPIVOTDATA("[Measures].[Sum of Resolution 2]",$A$3,"[Range 3].[Station]","[Range 3].[Station].&[Street3]")/GETPIVOTDATA("[Measures].[Sum of CRIME_COUNT 5]",$A$3,"[Range 3].[Station]","[Range 3].[Station].&[Street3]") -> 0
B21: Street5 | C21: 2 | D21: 0 | E21: =GETPIVOTDATA("[Measures].[Sum of Resolution 2]",$A$3,"[Range 3].[Station]","[Range 3].[Station].&[Street5]")/GETPIVOTDATA("[Measures].[Sum of CRIME_COUNT 5]",$A$3,"[Range 3].[Station]","[Range 3].[Station].&[Street5]") -> 0

Sheet Crimes by Area and Type
A3: Sum of CRIME_COUNT | B3: Column Labels
A4: Row Labels | B4: Car Theft | C4: Drugs Offence | D4: Drunk And Disorder | E4: Forgery | F4: Robbery | G4: UNKNOWN | H4: Violent Crime | I4: Grand Total
A5: East Wales | G5: 2 | I5: 2
A6: Mid Wales | G6: 6 | I6: 6
A7: North West, Wales | G7: 6 | I7: 6
A8: West Yorkshire | B8: 6 | C8: 10 | D8: 14 | E8: 11 | F8: 14 | H8: 25 | I8: 80
A9: Grand Total | B9: 6 | C9: 10 | D9: 14 | E9: 11 | F9: 14 | G9: 14 | H9: 25 | I9: 94

Sheet CrimeAnalysis
A1: FACT_CRIME_TYPE_ID | B1: CRIME_COUNT | C1: REPORTED_CRIME_ID_ORIGINAL | D1: IS_CLOSED_FLAG | E1: IS_ESCALATED_FLAG | F1: FK_TIME_ID | G1: FK_LOCATION_ID | H1: FK_STATUS_ID | I1: FK_CRIME_TYPE_ID | J1: Area_Name | K1: Year | L1: Risk_Index | M1: Status | N1: Resolution | O1: Month | P1: Crime_Type | Q1: Station | R1: Column1
A2: 225 | B2: 1 | C2: 1 | D2: 0 | E2: 0 | F2: 147 | G2: 67 | H2: 26 | I2: 0 | J2: =IFERROR(VLOOKUP(G2, Dim_Location!$A$1:$C$19, 3, FALSE), "Not Found") -> North West, Wales | K2: =IFERROR(VLOOKUP(F2, Dim_Time!$A$1:$E$38, 5, FALSE), "Not Found") -> 2015 | L2: =(E2*2) + ((1 - D2)*1) -> 1 | M2: =IFERROR(VLOOKUP(H2, Dim_Status!$A$1:$B$5, 2, FALSE), "Not Found") -> Closed | N2: =IF(OR(M2="Open", M2="Unknown", M2="Escalate"), 1, 0) -> 0 | O2: =IFERROR(VLOOKUP(F2, Dim_Time!$A$1:$D$38, 4, FALSE), "Not Found") -> May | P2: =IFERROR(VLOOKUP(I2, Dim_CrimeType!$A$1:$C$10, 3, FALSE), "Not Found") -> UNKNOWN | Q2: =IFERROR(VLOOKUP(G2, Dim_Location!$A$1:$G$19, 7, FALSE), "Not Found") -> Ashroad
A3: 226 | B3: 1 | C3: 2 | D3: 0 | E3: 0 | F3: 126 | G3: 67 | H3: 24 | I3: 0 | J3: =IFERROR(VLOOKUP(G3, Dim_Location!$A$1:$C$19, 3, FALSE), "Not Found") -> North West, Wales | K3: =IFERROR(VLOOKUP(F3, Dim_Time!$A$1:$E$38, 5, FALSE), "Not Found") -> 2015 | L3: =(E3*2) + ((1 - D3)*1) -> 1 | M3: =IFERROR(VLOOKUP(H3, Dim_Status!$A$1:$B$5, 2, FALSE), "Not Found") -> Open | N3: =IF(OR(M3="Open", M3="Unknown", M3="Escalate"), 1, 0) -> 1 | O3: =IFERROR(VLOOKUP(F3, Dim_Time!$A$1:$D$38, 4, FALSE), "Not Found") -> February | P3: =IFERROR(VLOOKUP(I3, Dim_CrimeType!$A$1:$C$10, 3, FALSE), "Not Found") -> UNKNOWN | Q3: =IFERROR(VLOOKUP(G3, Dim_Location!$A$1:$G$19, 7, FALSE), "Not Found") -> Ashroad
A4: 227 | B4: 1 | C4: 3 | D4: 0 | E4: 0 | F4: 146 | G4: 70 | H4: 24 | I4: 0 | J4: =IFERROR(VLOOKUP(G4, Dim_Location!$A$1:$C$19, 3, FALSE), "Not Found") -> Mid Wales | K4: =IFERROR(VLOOKUP(F4, Dim_Time!$A$1:$E$38, 5, FALSE), "Not Found") -> 2016 | L4: =(E4*2) + ((1 - D4)*1) -> 1 | M4: =IFERROR(VLOOKUP(H4, Dim_Status!$A$1:$B$5, 2, FALSE), "Not Found") -> Open | N4: =IF(OR(M4="Open", M4="Unknown", M4="Escalate"), 1, 0) -> 1 | O4: =IFERROR(VLOOKUP(F4, Dim_Time!$A$1:$D$38, 4, FALSE), "Not Found") -> January | P4: =IFERROR(VLOOKUP(I4, Dim_CrimeType!$A$1:$C$10, 3, FALSE), "Not Found") -> UNKNOWN | Q4: =IFERROR(VLOOKUP(G4, Dim_Location!$A$1:$G$19, 7, FALSE), "Not Found") -> Street1
A5: 228 | B5: 1 | C5: 4 | D5: 0 | E5: 0 | F5: 128 | G5: 38 | H5: 26 | I5: 0 | J5: =IFERROR(VLOOKUP(G5, Dim_Location!$A$1:$C$19, 3, FALSE), "Not Found") -> East Wales | K5: =IFERROR(VLOOKUP(F5, Dim_Time!$A$1:$E$38, 5, FALSE), "Not Found") -> 2017 | L5: =(E5*2) + ((1 - D5)*1) -> 1 | M5: =IFERROR(VLOOKUP(H5, Dim_Status!$A$1:$B$5, 2, FALSE), "Not Found") -> Closed | N5: =IF(OR(M5="Open", M5="Unknown", M5="Escalate"), 1, 0) -> 0 | O5: =IFERROR(VLOOKUP(F5, Dim_Time!$A$1:$D$38, 4, FALSE), "Not Found") -> October | P5: =IFERROR(VLOOKUP(I5, Dim_CrimeType!$A$1:$C$10, 3, FALSE), "Not Found") -> UNKNOWN | Q5: =IFERROR(VLOOKUP(G5, Dim_Location!$A$1:$G$19, 7, FALSE), "Not Found") -> Street3
A6: 229 | B6: 1 | C6: 5 | D6: 0 | E6: 0 | F6: 129 | G6: 67 | H6: 24 | I6: 0 | J6: =IFERROR(VLOOKUP(G6, Dim_Location!$A$1:$C$19, 3, FALSE), "Not Found") -> North West, Wales | K6: =IFERROR(VLOOKUP(F6, Dim_Time!$A$1:$E$38, 5, FALSE), "Not Found") -> 2019 | L6: =(E6*2) + ((1 - D6)*1) -> 1 | M6: =IFERROR(VLOOKUP(H6, Dim_Status!$A$1:$B$5, 2, FALSE), "Not Found") -> Open | N6: =IF(OR(M6="Open", M6="Unknown", M6="Escalate"), 1, 0) -> 1 | O6: =IFERROR(VLOOKUP(F6, Dim_Time!$A$1:$D$38, 4, FALSE), "Not Found") -> February | P6: =IFERROR(VLOOKUP(I6, Dim_CrimeType!$A$1:$C$10, 3, FALSE), "Not Found") -> UNKNOWN | Q6: =IFERROR(VLOOKUP(G6, Dim_Location!$A$1:$G$19, 7, FALSE), "Not Found") -> Ashroad
A7: 230 | B7: 1 | C7: 6 | D7: 0 | E7: 0 | F7: 133 | G7: 70 | H7: 26 | I7: 0 | J7: =IFERROR(VLOOKUP(G7, Dim_Location!$A$1:$C$19, 3, FALSE), "Not Found") -> Mid Wales | K7: =IFERROR(VLOOKUP(F7, Dim_Time!$A$1:$E$38, 5, FALSE), "Not Found") -> 2019 | L7: =(E7*2) + ((1 - D7)*1) -> 1 | M7: =IFERROR(VLOOKUP(H7, Dim_Status!$A$1:$B$5, 2, FALSE), "Not Found") -> Closed | N7: =IF(OR(M7="Open", M7="Unknown", M7="Escalate"), 1, 0) -> 0 | O7: =IFERROR(VLOOKUP(F7, Dim_Time!$A$1:$D$38, 4, FALSE), "Not Found") -> September | P7: =IFERROR(VLOOKUP(I7, Dim_CrimeType!$A$1:$C$10, 3, FALSE), "Not Found") -> UNKNOWN | Q7: =IFERROR(VLOOKUP(G7, Dim_Location!$A$1:$G$19, 7, FALSE), "Not Found") -> Street1
A8: 231 | B8: 1 | C8: 11 | D8: 0 | E8: 0 | F8: 128 | G8: 38 | H8: 26 | I8: 0 | J8: =IFERROR(VLOOKUP(G8, Dim_Location!$A$1:$C$19, 3, FALSE), "Not Found") -> East Wales | K8: =IFERROR(VLOOKUP(F8, Dim_Time!$A$1:$E$38, 5, FALSE), "Not Found") -> 2017 | L8: =(E8*2) + ((1 - D8)*1) -> 1 | M8: =IFERROR(VLOOKUP(H8, Dim_Status!$A$1:$B$5, 2, FALSE), "Not Found") -> Closed | N8: =IF(OR(M8="Open", M8="Unknown", M8="Escalate"), 1, 0) -> 0 | O8: =IFERROR(VLOOKUP(F8, Dim_Time!$A$1:$D$38, 4, FALSE), "Not Found") -> October | P8: =IFERROR(VLOOKUP(I8, Dim_CrimeType!$A$1:$C$10, 3, FALSE), "Not Found") -> UNKNOWN | Q8: =IFERROR(VLOOKUP(G8, Dim_Location!$A$1:$G$19, 7, FALSE), "Not Found") -> Street3
A9: 232 | B9: 1 | C9: 21 | D9: 1 | E9: 0 | F9: 130 | G9: 72 | H9: 26 | I9: 29 | J9: =IFERROR(VLOOKUP(G9, Dim_Location!$A$1:$C$19, 3, FALSE), "Not Found") -> West Yorkshire | K9: =IFERROR(VLOOKUP(F9, Dim_Time!$A$1:$E$38, 5, FALSE), "Not Found") -> 2016 | L9: =(E9*2) + ((1 - D9)*1) -> 0 | M9: =IFERROR(VLOOKUP(H9, Dim_Status!$A$1:$B$5, 2, FALSE), "Not Found") -> Closed | N9: =IF(OR(M9="Open", M9="Unknown", M9="Escalate"), 1, 0) -> 0 | O9: =IFERROR(VLOOKUP(F9, Dim_Time!$A$1:$D$38, 4, FALSE), "Not Found") -> August | P9: =IFERROR(VLOOKUP(I9, Dim_CrimeType!$A$1:$C$10, 3, FALSE), "Not Found") -> Violent Crime | Q9: =IFERROR(VLOOKUP(G9, Dim_Location!$A$1:$G$19, 7, FALSE), "Not Found") -> Meanwood
A10: 233 | B10: 1 | C10: 31 | D10: 0 | E10: 0 | F10: 130 | G10: 72 | H10: 24 | I10: 29 | J10: =IFERROR(VLOOKUP(G10, Dim_Location!$A$1:$C$19, 3, FALSE), "Not Found") -> West Yorkshire | K10: =IFERROR(VLOOKUP(F10, Dim_Time!$A$1:$E$38, 5, FALSE), "Not Found") -> 2016 | L10: =(E10*2) + ((1 - D10)*1) -> 1 | M10: =IFERROR(VLOOKUP(H10, Dim_Status!$A$1:$B$5, 2, FALSE), "Not Found") -> Open | N10: =IF(OR(M10="Open", M10="Unknown", M10="Escalate"), 1, 0) -> 1 | O10: =IFERROR(VLOOKUP(F10, Dim_Time!$A$1:$D$38, 4, FALSE), "Not Found") -> August | P10: =IFERROR(VLOOKUP(I10, Dim_CrimeType!$A$1:$C$10, 3, FALSE), "Not Found") -> Violent Crime | Q10: =IFERROR(VLOOKUP(G10, Dim_Location!$A$1:$G$19, 7, FALSE), "Not Found") -> Meanwood
A11: 234 | B11: 1 | C11: 41 | D11: 0 | E11: 0 | F11: 130 | G11: 72 | H11: 24 | I11: 34 | J11: =IFERROR(VLOOKUP(G11, Dim_Location!$A$1:$C$19, 3, FALSE), "Not Found") -> West Yorkshire | K11: =IFERROR(VLOOKUP(F11, Dim_Time!$A$1:$E$38, 5, FALSE), "Not Found") -> 2016 | L11: =(E11*2) + ((1 - D11)*1) -> 1 | M11: =IFERROR(VLOOKUP(H11, Dim_Status!$A$1:$B$5, 2, FALSE), "Not Found") -> Open | N11: =IF(OR(M11="Open", M11="Unknown", M11="Escalate"), 1, 0) -> 1 | O11: =IFERROR(VLOOKUP(F11, Dim_Time!$A$1:$D$38, 4, FALSE), "Not Found") -> August | P11: =IFERROR(VLOOKUP(I11, Dim_CrimeType!$A$1:$C$10, 3, FALSE), "Not Found") -> Robbery | Q11: =IFERROR(VLOOKUP(G11, Dim_Location!$A$1:$G$19, 7, FALSE), "Not Found") -> Meanwood
A12: 235 | B12: 1 | C12: 51 | D12: 0 | E12: 0 | F12: 130 | G12: 72 | H12: 24 | I12: 35 | J12: =IFERROR(VLOOKUP(G12, Dim_Location!$A$1:$C$19, 3, FALSE), "Not Found") -> West Yorkshire | K12: =IFERROR(VLOOKUP(F12, Dim_Time!$A$1:$E$38, 5, FALSE), "Not Found") -> 2016 | L12: =(E12*2) + ((1 - D12)*1) -> 1 | M12: =IFERROR(VLOOKUP(H12, Dim_Status!$A$1:$B$5, 2, FALSE), "Not Found") -> Open | N12: =IF(OR(M12="Open", M12="Unknown", M12="Escalate"), 1, 0) -> 1 | O12: =IFERROR(VLOOKUP(F12, Dim_Time!$A$1:$D$38, 4, FALSE), "Not Found") -> August | P12: =IFERROR(VLOOKUP(I12, Dim_CrimeType!$A$1:$C$10, 3, FALSE), "Not Found") -> Forgery | Q12: =IFERROR(VLOOKUP(G12, Dim_Location!$A$1:$G$19, 7, FALSE), "Not Found") -> Meanwood
A13: 236 | B13: 1 | C13: 61 | D13: 1 | E13: 0 | F13: 130 | G13: 72 | H13: 26 | I13: 36 | J13: =IFERROR(VLOOKUP(G13, Dim_Location!$A$1:$C$19, 3, FALSE), "Not Found") -> West Yorkshire | K13: =IFERROR(VLOOKUP(F13, Dim_Time!$A$1:$E$38, 5, FALSE), "Not Found") -> 2016 | L13: =(E13*2) + ((1 - D13)*1) -> 0 | M13: =IFERROR(VLOOKUP(H13, Dim_Status!$A$1:$B$5, 2, FALSE), "Not Found") -> Closed | N13: =IF(OR(M13="Open", M13="Unknown", M13="Escalate"), 1, 0) -> 0 | O13: =IFERROR(VLOOKUP(F13, Dim_Time!$A$1:$D$38, 4, FALSE), "Not Found") -> August | P13: =IFERROR(VLOOKUP(I13, Dim_CrimeType!$A$1:$C$10, 3, FALSE), "Not Found") -> Drunk And Disorder | Q13: =IFERROR(VLOOKUP(G13, Dim_Location!$A$1:$G$19, 7, FALSE), "Not Found") -> Meanwood
... A95: 444 | B95: 1 | C95: 10 | D95: 0 | E95: 0 | F95: 146 | G95: 70 | H95: 24 | I95: 0 | J95: =IFERROR(VLOOKUP(G95, Dim_Location!$A$1:$C$19, 3, FALSE), "Not Found") -> Mid Wales | K95: =IFERROR(VLOOKUP(F95, Dim_Time!$A$1:$E$38, 5, FALSE), "Not Found") -> 2016 | L95: =(E95*2) + ((1 - D95)*1) -> 1 | M95: =IFERROR(VLOOKUP(H95, Dim_Status!$A$1:$B$5, 2, FALSE), "Not Found") -> Open | N95: =IF(OR(M95="Open", M95="Unknown", M95="Escalate"), 1, 0) -> 1 | O95: =IFERROR(VLOOKUP(F95, Dim_Time!$A$1:$D$38, 4, FALSE), "Not Found") -> January | P95: =IFERROR(VLOOKUP(I95, Dim_CrimeType!$A$1:$C$10, 3, FALSE), "Not Found") -> UNKNOWN | Q95: =IFERROR(VLOOKUP(G95, Dim_Location!$A$1:$G$19, 7, FALSE), "Not Found") -> Street1

Sheet Dim_Location
A1: LOCATION_ID | B1: AREA_ID_ORIGINAL | C1: AREA | D1: REGION_ID_ORIGINAL | E1: REGION | F1: STATION_ID_ORIGINAL | G1: STATION
A2: 38 | B2: 4 | C2: East Wales | D2: 4 | E2: East Wales | F2: 4 | G2: Street3
A3: 39 | B3: 4 | C3: East Wales | D3: 4 | E3: East Wales | F3: 6 | G3: Street3
A4: 40 | B4: 2 | C4: West Yorkshire | F4: 21 | G4: Cross Gates
A5: 61 | B5: 2 | C5: West Yorkshire | F5: 24 | G5: Kings Cross
A6: 62 | B6: 2 | C6: West Yorkshire | F6: 25 | G6: Lawnswood
A7: 63 | B7: 2 | C7: West Yorkshire | F7: 27 | G7: Meanwood
A8: 64 | B8: 2 | C8: Mid Wales | D8: 2 | E8: Mid Wales | F8: 9 | G8: Street8
A9: 65 | B9: 1 | C9: Uk | F9: 10 | G9: Kings Cross
A10: 66 | B10: 2 | C10: West Yorkshire | F10: 20 | G10: Lawnswood
A11: 67 | B11: 5 | C11: North West, Wales | D11: 5 | E11: North West, Wales | F11: 1 | G11: Ashroad
A12: 68 | B12: 2 | C12: Mid Wales | D12: 2 | E12: Mid Wales | F12: 5 | G12: Street5
A13: 69 | B13: 3 | C13: South West, Wales | D13: 3 | E13: South West, Wales | F13: 8 | G13: Street3
A14: 70 | B14: 2 | C14: Mid Wales | D14: 2 | E14: Mid Wales | F14: 2 | G14: Street1
A15: 71 | B15: 3 | C15: South West, Wales | D15: 3 | E15: South West, Wales | F15: 3 | G15: Street5
A16: 72 | B16: 2 | C16: West Yorkshire | F16: 22 | G16: Meanwood
A17: 73 | B17: 2 | C17: West Yorkshire | F17: 23 | G17: Beeston
A18: 74 | B18: 5 | C18: North West, Wales | D18: 5 | E18: North West, Wales | F18: 7 | G18: Street2
A19: 0 | B19: 0 | C19: UNKNOWN | D19: 0 | E19: UNKNOWN | F19: 0 | G19: UNKNOWN

Sheet Dim_CrimeType
A1: CRIME_TYPE_ID | B1: CRIME_TYPE_ID_ORIGINAL | C1: CRIME_TYPE_DESCRIPTION
A2: 29 | B2: 110 | C2: Violent Crime
A3: 30 | B3: 210 | C3: Fraud
A4: 31 | B4: 100 | C4: Drugs Offence
A5: 32 | B5: 120 | C5: Burglary
A6: 33 | B6: 130 | C6: Car Theft
A7: 34 | B7: 200 | C7: Robbery
A8: 35 | B8: 300 | C8: Forgery
A9: 36 | B9: 310 | C9: Drunk And Disorder
A10: 0 | B10: 0 | C10: UNKNOWN

Sheet Dim_Status
A1: STATUS_ID | B1: STATUS_DESCRIPTION
A2: 24 | B2: Open
A3: 25 | B3: Escalate
A4: 26 | B4: Closed
A5: 0 | B5: UNKNOWN
